{"{'embedding_dim': 21.0, 'epochs': 38.0, 'ff_layers': '[128]', 'max_char_ngram': 3.0, 'num_transformer_layers': 3.0, 'transformer_size': 128}": {"train": {"intent": {"Accuracy": 0.9751243781094527, "F1-score": 0.9744228410972092, "Precision": 0.9790441730740239}, "entity": {"Accuracy": 0.6170562521207685, "F1-score": 0.3373627322566664, "Precision": 0.5441751277443355}}, "test": {"intent": {"Accuracy": 0.8398692810457516, "F1-score": 0.8132689255683907, "Precision": 0.8347636024106612}, "entity": {"Accuracy": 0.5117103207425787, "F1-score": 0.10964750546634539, "Precision": 0.20277489849832642}}}}