{
    "{'embedding_dim': 38.0, 'epochs': 24.0, 'ff_layers': '[256, 128]', 'max_char_ngram': 4.0, 'num_transformer_layers': 3.0, 'transformer_size': 128}": {
        "intent": {
            "precision": 0.977230413487682,
            "f1_score": 0.9771641546042824,
            "accuracy": 0.977348434377082
        },
        "entity": {
            "precision": 0.9319965090147603,
            "f1_score": 0.9280728583460497,
            "accuracy": 0.9562976243836845
        }
    },
    "{'embedding_dim': 31.0, 'epochs': 34.0, 'ff_layers': '[256]', 'max_char_ngram': 2.0, 'num_transformer_layers': 2.0, 'transformer_size': 512}": {
        "intent": {
            "precision": 0.9843801079680806,
            "f1_score": 0.9843558057732713,
            "accuracy": 0.9843437708194537
        },
        "entity": {
            "precision": 0.9371326161414306,
            "f1_score": 0.93960236717909,
            "accuracy": 0.9615969158913148
        }
    },
    "{'embedding_dim': 32.0, 'epochs': 12.0, 'ff_layers': '[128]', 'max_char_ngram': 3.0, 'num_transformer_layers': 2.0, 'transformer_size': 256}": {
        "intent": {
            "precision": 0.9823300015354178,
            "f1_score": 0.9823209819548565,
            "accuracy": 0.9823451032644903
        },
        "entity": {
            "precision": 0.9248663790112839,
            "f1_score": 0.9195206456062881,
            "accuracy": 0.9518460854092526
        }
    },
    "{'embedding_dim': 34.0, 'epochs': 36.0, 'ff_layers': '[256]', 'max_char_ngram': 2.0, 'num_transformer_layers': 3.0, 'transformer_size': 512}": {
        "intent": {
            "precision": 0.9820385145600045,
            "f1_score": 0.9819790449904902,
            "accuracy": 0.9820119920053297
        },
        "entity": {
            "precision": 0.9499707238896635,
            "f1_score": 0.9431215190468011,
            "accuracy": 0.9645547186530793
        }
    },
    "{'embedding_dim': 22.0, 'epochs': 48.0, 'ff_layers': '[256]', 'max_char_ngram': 3.0, 'num_transformer_layers': 3.0, 'transformer_size': 512}": {
        "intent": {
            "precision": 0.9845362743931372,
            "f1_score": 0.9842924316938443,
            "accuracy": 0.9843437708194537
        },
        "entity": {
            "precision": 0.9507765821452538,
            "f1_score": 0.9496621109926145,
            "accuracy": 0.9686823865928343
        }
    },
    "{'embedding_dim': 28.0, 'epochs': 12.0, 'ff_layers': '[256, 128]', 'max_char_ngram': 3.0, 'num_transformer_layers': 4.0, 'transformer_size': 512}": {
        "intent": {
            "precision": 0.9807920334987367,
            "f1_score": 0.9806921305111482,
            "accuracy": 0.9806795469686875
        },
        "entity": {
            "precision": 0.9228924295703044,
            "f1_score": 0.9282603316925246,
            "accuracy": 0.9554878501894924
        }
    }
}