{"{'embedding_dim': 37.0, 'epochs': 13.0, 'ff_layers': '[256, 128]', 'max_char_ngram': 2.0, 'num_transformer_layers': 2.0, 'transformer_size': 256}": {"train": {"intent": {"Accuracy": 0.35036936529473844, "F1-score": 0.2991312990267519, "Precision": 0.3554790980164115}, "entity": {"Accuracy": 0.5170621167688617, "F1-score": 0.0, "Precision": 0.0}}, "test": {"intent": {"Accuracy": 0.26975638740344626, "F1-score": 0.206635753925258, "Precision": 0.20527508983391338}, "entity": {"Accuracy": 0.5172184268748504, "F1-score": 0.0, "Precision": 0.0}}}}