{"{'embedding_dim': 40.0, 'epochs': 28.0, 'ff_layers': '[256]', 'max_char_ngram': 3.0, 'num_transformer_layers': 4.0, 'transformer_size': 512}": {"train": {"intent": {"Accuracy": 0.9647218453188602, "F1-score": 0.9637032560649769, "Precision": 0.9740960029969528}, "entity": {"Accuracy": 0.8804993370892111, "F1-score": 0.8080125196397892, "Precision": 0.8830581677883798}}, "test": {"intent": {"Accuracy": 0.7100415923945337, "F1-score": 0.6916666666666665, "Precision": 0.7107513038885588}, "entity": {"Accuracy": 0.6714610355696041, "F1-score": 0.3829393550053237, "Precision": 0.468979376523649}}}}