{
    "{'embedding_dim': 30.0, 'epochs': 11.0, 'ff_layers': '[256]', 'max_char_ngram': 3.0, 'num_transformer_layers': 3.0, 'transformer_size': 128}": {
        "intent": {
            "precision": 0.8513985392264082,
            "f1_score": 0.7748237891737892,
            "accuracy": 0.8166666666666667
        },
        "entity": {
            "precision": 0.38619076400764096,
            "f1_score": 0.25957180994790363,
            "accuracy": 0.6135175504107543
        }
    },
    "{'embedding_dim': 37.0, 'epochs': 33.0, 'ff_layers': '[256]', 'max_char_ngram': 3.0, 'num_transformer_layers': 2.0, 'transformer_size': 256}": {
        "intent": {
            "precision": 0.9735709343415622,
            "f1_score": 0.9732409041466448,
            "accuracy": 0.9733333333333334
        },
        "entity": {
            "precision": 0.8110486319295072,
            "f1_score": 0.7795697367931327,
            "accuracy": 0.8743870237646171
        }
    }
}