{"{'embedding_dim': 22.0, 'epochs': 42.0, 'ff_layers': '[128, 256]', 'max_char_ngram': 2.0, 'num_transformer_layers': 2.0, 'transformer_size': 128}": {"train": {"intent": {"Accuracy": 0.6601307189542484, "F1-score": 0.6172178854700667, "Precision": 0.7024189136934235}, "entity": {"Accuracy": 0.5154348805768364, "F1-score": 0.06751877533419277, "Precision": 0.20513979399552626}}, "test": {"intent": {"Accuracy": 0.340686274509804, "F1-score": 0.24496594092182325, "Precision": 0.23107298474945534}, "entity": {"Accuracy": 0.49345337688895974, "F1-score": 0.004219409282700422, "Precision": 0.004219409282700422}}}}