{"{'embedding_dim': 37.0, 'epochs': 31.0, 'ff_layers': '[256, 128]', 'max_char_ngram': 3.0, 'num_transformer_layers': 3.0, 'transformer_size': 128}": {"train": {"intent": {"Accuracy": 0.7706476530005942, "F1-score": 0.7437855085857602, "Precision": 0.8072690018768451}, "entity": {"Accuracy": 0.5007326294301383, "F1-score": 0.0, "Precision": 0.0}}, "test": {"intent": {"Accuracy": 0.463235294117647, "F1-score": 0.37887667887667886, "Precision": 0.38772467320261433}, "entity": {"Accuracy": 0.4997280191555226, "F1-score": 0.0, "Precision": 0.0}}}}