{
    "config-bert.yml": {
        "train": {
            "intent": {
                "Accuracy": 0.9935538301902863,
                "F1-score": 0.9935549822428739,
                "Precision": 0.9935932067795896
            },
            "entity": {
                "Accuracy": 0.9678429266317791,
                "F1-score": 0.948430441555903,
                "Precision": 0.9499297895697313
            }
        },
        "test": {
            "intent": {
                "Accuracy": 0.9787127119893291,
                "F1-score": 0.9787435647519236,
                "Precision": 0.9788421794684248
            },
            "entity": {
                "Accuracy": 0.9428412482475667,
                "F1-score": 0.9060341193278006,
                "Precision": 0.9097914171849087
            }
        }
    },
    "config-convert-count-optim-2.yml": {
        "train": {
            "intent": {
                "Accuracy": 0.9999500324788887,
                "F1-score": 0.9999500319692104,
                "Precision": 0.9999500846370527
            },
            "entity": {
                "Accuracy": 0.9967732223564959,
                "F1-score": 0.9965152016767046,
                "Precision": 0.9971771963193867
            }
        },
        "test": {
            "intent": {
                "Accuracy": 0.9862084245646962,
                "F1-score": 0.9862106694680399,
                "Precision": 0.9862986704712533
            },
            "entity": {
                "Accuracy": 0.9597137040545473,
                "F1-score": 0.9355259242754578,
                "Precision": 0.9354435620831624
            }
        }
    },
    "config-convert-count-optim.yml": {
        "train": {
            "intent": {
                "Accuracy": 0.9999500324788887,
                "F1-score": 0.9999500319692104,
                "Precision": 0.9999500846370527
            },
            "entity": {
                "Accuracy": 0.9942691513003917,
                "F1-score": 0.9926204885586453,
                "Precision": 0.9927682477896783
            }
        },
        "test": {
            "intent": {
                "Accuracy": 0.9844090844266117,
                "F1-score": 0.9843991544479161,
                "Precision": 0.98448773788502
            },
            "entity": {
                "Accuracy": 0.9540731493089375,
                "F1-score": 0.9250785385291134,
                "Precision": 0.9248581489507121
            }
        }
    },
    "config-convert-count.yml": {
        "train": {
            "intent": {
                "Accuracy": 0.9998001224241725,
                "F1-score": 0.999800123650112,
                "Precision": 0.9998004355038428
            },
            "entity": {
                "Accuracy": 0.9790621437235781,
                "F1-score": 0.9693470263128274,
                "Precision": 0.9665635552166215
            }
        },
        "test": {
            "intent": {
                "Accuracy": 0.9852087445485891,
                "F1-score": 0.9852230774273543,
                "Precision": 0.9852527879707648
            },
            "entity": {
                "Accuracy": 0.931782003583654,
                "F1-score": 0.8877545703882445,
                "Precision": 0.8872379076169005
            }
        }
    },
    "config-convert.yml": {
        "train": {
            "intent": {
                "Accuracy": 0.995252808313277,
                "F1-score": 0.9952561003796747,
                "Precision": 0.9952956898980242
            },
            "entity": {
                "Accuracy": 0.9497415122641693,
                "F1-score": 0.9166868996022028,
                "Precision": 0.9151070444552593
            }
        },
        "test": {
            "intent": {
                "Accuracy": 0.9853086346514992,
                "F1-score": 0.9853334295837252,
                "Precision": 0.9854405451855853
            },
            "entity": {
                "Accuracy": 0.9282339842788404,
                "F1-score": 0.8794005691761476,
                "Precision": 0.8790523772124793
            }
        }
    },
    "config-light.yml": {
        "train": {
            "intent": {
                "Accuracy": 0.9825604511490319,
                "F1-score": 0.9824790888563887,
                "Precision": 0.9825233582427805
            },
            "entity": {
                "Accuracy": 0.803793063318481,
                "F1-score": 0.6385300246218985,
                "Precision": 0.7529556915275762
            }
        },
        "test": {
            "intent": {
                "Accuracy": 0.9726168690235218,
                "F1-score": 0.9724593196872306,
                "Precision": 0.9725989345001184
            },
            "entity": {
                "Accuracy": 0.7818474826330669,
                "F1-score": 0.5918436384111257,
                "Precision": 0.6869741484720016
            }
        }
    }
}